item_purchased,item_type,total_quantity_sold,total_revenue,average_unit_price,num_unique_transactions,sales_frequency,avg_quantity_per_transaction,avg_revenue_per_transaction,cluster_label
101650 COKE REG PETBOT 1.5L (1.75L),Drinks,39.0,3678.0,94.32,22,22,1.7727272727272727,167.1818181818182,1
105346 MIN MAID FRESH ORANGE 12/250,Drinks,16.0,352.0,22.076923076923077,11,11,1.4545454545454546,32.0,0
13851 GG TORTILLOS BBQ (R) 100G,Snacks,6.0,228.0,38.0,5,5,1.2,45.6,0
13854 G6 TORTILLOS CHEESE (D) 1000,Snacks,6.0,228.0,38.0,6,6,1.0,38.0,0
2pc Lechon Kawali w/ rice,Breakfast,1.0,160.0,160.0,1,1,1.0,160.0,0
3JM BAY LEAF TIES 105,Grocery Staples,60.0,120.0,2.0,1,1,60.0,120.0,1
3JM BLACKPEPPER CRCKED 105,Grocery Staples,30.0,60.0,2.0,1,1,30.0,60.0,1
555 SARDINES GREEN 1556,Grocery Staples,2.0,58.0,29.0,1,1,2.0,58.0,0
555 SARDINES HOT 155G,Grocery Staples,3.0,87.0,29.0,2,2,1.5,43.5,0
555 SARDINES SPANISH STYLE 1556,Grocery Staples,6.0,234.0,39.0,5,5,1.2,46.8,0
555 TUNA ADOBO 1556,Grocery Staples,3.0,108.0,36.0,3,3,1.0,36.0,0
555 TUNA AFRITADA 110G,Grocery Staples,3.0,84.0,28.0,3,3,1.0,28.0,0
7-UP Reg 1.5L,Drinks,1.0,88.0,88.0,1,1,1.0,88.0,0
A&H BakinoSoda 227g,Packaged Foods,1.0,51.0,51.0,1,1,1.0,51.0,0
A&W Root Beer 320ml,Drinks,1.0,55.0,55.0,1,1,1.0,55.0,0
ABSOLUTE DISTILLED WATER 35/350ML,Drinks,20.0,300.0,15.0,12,12,1.6666666666666667,25.0,0
ABSOLUTE DISTILLED WATER 4/4000ML,Drinks,4.0,332.0,83.0,3,3,1.3333333333333333,110.66666666666667,0
ADDITIONAL RICE,Others,53.0,795.0,15.0,29,29,1.8275862068965518,27.413793103448278,1
AICE 2in1 Choco Mallow Blizz 800ml,Ice Cream,9.0,1305.0,145.0,8,8,1.125,163.125,0
AICE Christmas,Ice Cream,1.0,20.0,20.0,1,1,1.0,20.0,0
AICE Tub Vanilla Chocolate 800ml,Ice Cream,4.0,660.0,165.0,4,4,1.0,165.0,0
ALASKA CONDENSADA 370G,Grocery Staples,4.0,296.0,74.0,1,1,4.0,296.0,0
ALASKA Evprtd 360ml,Packaged Foods,2.0,148.0,74.0,1,1,2.0,148.0,0
ALCOPLUS ETHYL 70 250ML,Toiletries / Personal Care,1.0,73.0,73.0,1,1,1.0,73.0,0
ALCOPLUS ETHYL 70% 60ML,Toiletries / Personal Care,3.0,72.0,24.0,3,3,1.0,24.0,0
ALCPLUS TSOP70% 60ML SPRAY,Toiletries / Personal Care,2.0,74.0,37.0,2,2,1.0,37.0,0
ALFORT (DARK),JPN FINDS,14.0,1260.0,90.0,6,6,2.3333333333333335,210.0,0
ALFORT (LIGHT BLUE),JPN FINDS,7.0,630.0,90.0,3,3,2.3333333333333335,210.0,0
ALFORT MINIS,JPN FINDS,3.0,420.0,140.0,2,2,1.5,210.0,0
ALPINE FLLCRM MILK 140ML,Grocery Staples,7.0,350.0,50.0,5,5,1.4,70.0,0
ANGEL EVAPORADA 410MLX48,Grocery Staples,6.0,240.0,40.0,5,5,1.2,48.0,0
ANGEL KREMDENSADA 410ML,Grocery Staples,4.0,304.0,76.0,4,4,1.0,76.0,0
ARGENTINA CORNEDBEEF 100G,Grocery Staples,1.0,34.0,34.0,1,1,1.0,34.0,0
ARGENTINA CORNEDBEEF 150G,Grocery Staples,5.0,220.0,44.0,4,4,1.25,55.0,0
ARGENTINA MEAT 10AF 150G,Grocery Staples,5.0,125.0,25.0,4,4,1.25,31.25,0
ARGENTINA PORKGINILING250,Grocery Staples,3.0,162.0,54.0,2,2,1.5,81.0,0
ARIEL PWD ANTIBAC 60GX216,Household Supplies,1.0,18.0,18.0,1,1,1.0,18.0,0
ARIEL PWD FLORAL PAS 66G,Household Supplies,6.0,108.0,18.0,2,2,3.0,54.0,0
ARIEL PWD SF 66G 6+1,Household Supplies,4.0,72.0,18.0,3,3,1.3333333333333333,24.0,0
Add on: Cooked noodles,Others,5.0,90.0,18.0,4,4,1.25,22.5,0
Alfonso Light Brandy 1L,Liquor + Cigarettes,2.0,612.0,306.0,2,2,1.0,306.0,0
Alpine Evap 360ml,Grocery Staples,2.0,174.0,87.0,2,2,1.0,87.0,0
Angel Krem Queso 370ml ,Grocery Staples,3.0,261.0,87.0,2,2,1.5,130.5,0
Argentina Corned Beef 175g,Grocery Staples,2.0,100.0,50.0,2,2,1.0,50.0,0
B-BRAND Milk 300g,Grocery Staples,1.0,136.0,136.0,1,1,1.0,136.0,0
BERRY KNOTS STRAWBRY 30G,Snacks,6.0,72.0,12.0,5,5,1.2,14.4,0
BF Mayo DP 220ml,Grocery Staples,2.0,136.0,68.0,1,1,2.0,136.0,0
BIODERM SOAP GREEN 90G,Toiletries / Personal Care,2.0,76.0,38.0,2,2,1.0,38.0,0
BIODERM SOAP PINK 90G,Toiletries / Personal Care,2.0,76.0,38.0,2,2,1.0,38.0,0
BIRCHTREE FORTIFIED 33G,Grocery Staples,11.0,132.0,12.0,4,4,2.75,33.0,0
BREADSTIX 20GX10S,Snacks,1.0,10.0,10.0,1,1,1.0,10.0,0
Bacsilog,Breakfast,17.0,1615.0,95.0,10,10,1.7,161.5,0
BearBrand PMS 33g ,Grocery Staples,21.0,210.0,10.0,6,6,3.5,35.0,0
Bearbrand Sterilized 200ml,Drinks,12.0,477.0,39.63636363636363,8,8,1.5,59.625,0
Bingo Cookies Cone,Ice Cream,15.0,390.0,26.0,11,11,1.3636363636363635,35.45454545454545,0
Biscocho ,Bread,4.0,456.0,114.0,4,4,1.0,114.0,0
C Crunchy Cheese 215g,Snacks,2.0,460.0,230.0,2,2,1.0,230.0,0
C2 APPLE SOLO 230MLX24,Drinks,60.0,1139.0,18.979591836734695,38,38,1.5789473684210527,29.973684210526315,1
C2 Apple 355ml,Drinks,4.0,144.0,36.0,3,3,1.3333333333333333,48.0,0
C2 Apple 455ml,Drinks,3.0,138.0,46.0,3,3,1.0,46.0,0
C2 GT Lemon 355ml ,Drinks,20.0,720.0,36.0,11,11,1.8181818181818181,65.45454545454545,1
C2 Greentea Apple 1L,Drinks,7.0,532.0,76.0,7,7,1.0,76.0,0
C2 Greentea Lemon 1L,Drinks,5.0,380.0,76.0,5,5,1.0,76.0,0
C2 Lemon 455ml,Drinks,2.0,92.0,46.0,2,2,1.0,46.0,0
C2 Milk Tea Choco 270ml,Drinks,5.0,235.0,47.0,4,4,1.25,58.75,0
C2 Solo Dalandan 230ml,Drinks,3.0,57.0,19.0,3,3,1.0,19.0,0
CAL CHEESE 48GX60,Snacks,4.0,72.0,18.0,3,3,1.3333333333333333,24.0,0
CALLA PWD ROSEGARDEN 45G,Household Supplies,4.0,36.0,9.0,1,1,4.0,36.0,0
CENTURY TUNA HOT&SPCY155G,Grocery Staples,5.0,225.0,45.0,3,3,1.6666666666666667,75.0,0
CENTURYFLAKESINOIL155G,Grocery Staples,5.0,225.0,45.0,5,5,1.0,45.0,0
CHAMPION FAB PINKFRSH50ML,Household Supplies,1.0,11.0,11.0,1,1,1.0,11.0,0
CHEEZ WHIZ PLAIN ESYSOZ 1056,Grocery Staples,1.0,57.0,57.0,1,1,1.0,57.0,0
CHIPPY BARBEQUE 30G,Snacks,6.0,66.0,11.0,5,5,1.2,13.2,0
CHOC NUT KING 24S,Snacks,4.0,216.0,54.0,4,4,1.0,54.0,0
CHOCO MUCHO CHOCO 30G,Snacks,12.0,144.0,12.0,7,7,1.7142857142857142,20.571428571428573,0
CHOCOLATE CHIPS CKIES 4S,Snacks,1.0,20.0,20.0,1,1,1.0,20.0,0
CHOCOLATE MALLOWS 36G,Snacks,6.0,138.0,23.0,5,5,1.2,27.6,0
CHOKO-CHOKO STICK REFILL 50'S,Snacks,4.0,372.0,93.0,4,4,1.0,93.0,0
CHUCKIE 110ML NEW,Drinks,11.0,220.0,20.0,10,10,1.1,22.0,0
CHUCKIE OPTIGROW (180MLX6),Drinks,11.0,357.0,32.333333333333336,8,8,1.375,44.625,0
CLOUD 9 CLASSIC 28GX12,Snacks,4.0,52.0,13.0,3,3,1.3333333333333333,17.333333333333332,0
CLOUD 9 PNUTBUTTER 50GX12,Snacks,12.0,300.0,25.0,5,5,2.4,60.0,0
CLOVER CHIPS BBQ 55GX40,Snacks,1.0,34.0,34.0,1,1,1.0,34.0,0
CLOVER CHIPS CHEESE 55G,Snacks,13.0,458.0,35.166666666666664,12,12,1.0833333333333333,38.166666666666664,0
CLOVER HAM&CHEESE 55G,Snacks,2.0,68.0,34.0,2,2,1.0,34.0,0
CO Syrup 0rig 755ml,Packaged Foods,1.0,161.0,161.0,1,1,1.0,161.0,0
COBRA ASTIG CITRUS 300ML,Drinks,4.0,104.0,26.0,3,3,1.3333333333333333,34.666666666666664,0
COBRA ASTIG ORIG 300ML,Drinks,3.0,78.0,26.0,2,2,1.5,39.0,0
COKE IN CAN 180ML,Drinks,24.0,700.0,29.22222222222222,13,13,1.8461538461538463,53.84615384615385,1
COKE REG CAN(SLIM) 6/4/320ML,Drinks,84.0,3864.0,45.25806451612903,37,37,2.27027027027027,104.43243243243244,1
COKE REG MISMO 12/290ML,Drinks,68.0,1720.0,25.208333333333332,30,30,2.2666666666666666,57.333333333333336,1
COKE ZERO CAN(SLIM)6/4/320ML-,Drinks,18.0,828.0,46.0,6,6,3.0,138.0,0
COKE ZERO MISMO 290ML,Drinks,4.0,104.0,26.0,4,4,1.0,26.0,0
COLGATE CFC SPICY22G11+1,Toiletries / Personal Care,2.0,22.0,11.0,2,2,1.0,11.0,0
COLGATE CTB HANGING MAT,Toiletries / Personal Care,6.0,120.0,20.0,3,3,2.0,40.0,0
COLGATE GRF 24GX6,Toiletries / Personal Care,10.0,110.0,11.0,7,7,1.4285714285714286,15.714285714285714,0
COLGATE KMNTHOL 22G 11+1,Toiletries / Personal Care,2.0,22.0,11.0,2,2,1.0,11.0,0
CORORO (GRAPE GUMMY),JPN FINDS,3.0,210.0,70.0,3,3,1.0,70.0,0
COWHEAD PureMilk1L,Drinks,1.0,148.0,148.0,1,1,1.0,148.0,0
CREAM Repair 170ml,Toiletries / Personal Care,1.0,251.0,251.0,1,1,1.0,251.0,0
CREAM-O & PRESTO 12S,Grocery Staples,1.0,9.0,9.0,1,1,1.0,9.0,0
CREAM-O & PRESTO 12S,Snacks,36.0,324.0,9.0,20,20,1.8,16.2,1
CREAMSILK STRGHT PINK 1.3ML,Toiletries / Personal Care,5.0,40.0,8.0,3,3,1.6666666666666667,13.333333333333334,0
Camel Yellow ,Liquor + Cigarettes,9.0,1305.0,145.0,8,8,1.125,163.125,0
Cantabile Korean Coffee Pouch - Blue Lemonade,Drinks,2.0,106.0,53.0,2,2,1.0,53.0,0
Cantabile Korean Coffee Pouch - Green Grape,Drinks,1.0,53.0,53.0,1,1,1.0,53.0,0
Cantabile Korean Coffee Pouch - Hazelnut,Drinks,4.0,212.0,53.0,3,3,1.3333333333333333,70.66666666666667,0
Cantabile Korean Coffee Pouch - Watermelon,Drinks,2.0,106.0,53.0,2,2,1.0,53.0,0
Century Tuna Calamansi 180g,Grocery Staples,1.0,56.0,56.0,1,1,1.0,56.0,0
Century Tuna Oil 180g,Grocery Staples,1.0,56.0,56.0,1,1,1.0,56.0,0
Champorado Ube 55g,Packaged Foods,3.0,171.0,57.0,1,1,3.0,171.0,0
Charmee PL 8's,Toiletries / Personal Care,2.0,40.0,20.0,2,2,1.0,20.0,0
Cheese Bites,Bread,7.0,336.0,48.0,7,7,1.0,48.0,0
Cheese Quesadillas,Quesadillas,24.0,1265.0,55.0,18,18,1.3333333333333333,70.27777777777777,1
Cheese Quesadillas B1T1,Quesadillas,36.0,3450.0,97.05882352941177,12,12,3.0,287.5,0
Cheese Ring 60g ,Snacks,20.0,500.0,25.0,15,15,1.3333333333333333,33.333333333333336,1
Chicken Pop & Fries - Jumbo ,Others,1.0,130.0,130.0,1,1,1.0,130.0,0
Chicken Pop & Fries - Mega,Others,1.0,155.0,155.0,1,1,1.0,155.0,0
Chicken Poppers Ala Carte,Others,22.0,1430.0,65.0,3,3,7.333333333333333,476.6666666666667,0
Chicken Quesadillas,Quesadillas,10.0,750.0,75.0,9,9,1.1111111111111112,83.33333333333333,0
Chicken Quesadillas B1T1,Quesadillas,16.0,2240.0,140.0,12,12,1.3333333333333333,186.66666666666666,0
Chippy BBQ 110g,Snacks,2.0,76.0,38.0,2,2,1.0,38.0,0
Chippy C&C 110g,Snacks,1.0,38.0,38.0,1,1,1.0,38.0,0
Chips Ahoy 142.5g,Snacks,1.0,125.0,125.0,1,1,1.0,125.0,0
Chips Ahoy 85.5g,Snacks,2.0,166.0,83.0,1,1,2.0,166.0,0
Chocolate Crispy,Ice Cream,50.0,1100.0,22.0,26,26,1.9230769230769231,42.30769230769231,1
Chocolate Melt Cone,Ice Cream,28.0,728.0,26.0,18,18,1.5555555555555556,40.44444444444444,1
Chocolate Stick,Ice Cream,42.0,546.0,12.5,18,18,2.3333333333333335,30.333333333333332,1
Clover Chips C&C 55g,Snacks,3.0,108.0,36.0,2,2,1.5,54.0,0
Cobra Berry 350ml,Drinks,2.0,66.0,33.0,2,2,1.0,33.0,0
Cobra E Drink 350ml,Drinks,54.0,1782.0,33.0,33,33,1.6363636363636365,54.0,1
Cobra Smart 350ml,Drinks,7.0,238.0,34.0,7,7,1.0,34.0,0
Coco Mama Fresh Gata 200ml,Grocery Staples,11.0,462.0,42.0,4,4,2.75,115.5,0
Coffee Crispy,Ice Cream,39.0,780.0,20.0,20,20,1.95,39.0,1
Coke Swakto PET bottle,Drinks,133.0,2660.0,20.0,18,18,7.388888888888889,147.77777777777777,1
Coke Zero 1.5L ,Drinks,17.0,1564.0,92.0,11,11,1.5454545454545454,142.1818181818182,0
Coke Zero Swakto PET bottle,Drinks,10.0,200.0,20.0,5,5,2.0,40.0,0
Coke Zero in Can 180ml,Drinks,4.0,136.0,34.0,4,4,1.0,34.0,0
Cream All Pouch 60g,Grocery Staples,1.0,0.0,0.0,1,1,1.0,0.0,0
Cream-O 30g,Snacks,3.0,36.0,12.0,2,2,1.5,18.0,0
Cricket Lighter,Others,8.0,120.0,15.0,7,7,1.1428571428571428,17.142857142857142,0
Crispy Balls,Ice Cream,15.0,345.0,23.0,13,13,1.1538461538461537,26.53846153846154,0
DARS,JPN FINDS,2.0,180.0,90.0,2,2,1.0,90.0,0
DATU SoySauce 350ml,Grocery Staples,1.0,25.0,25.0,1,1,1.0,25.0,0
DATU Vinegar 385ml,Grocery Staples,1.0,24.0,24.0,1,1,1.0,24.0,0
DEL FABCON LAVENDER 33ML,Household Supplies,3.0,21.0,7.0,1,1,3.0,21.0,0
DELICIOUS ELBOW MAC 250G,Packaged Foods,1.0,20.0,20.0,1,1,1.0,20.0,0
DEWBERRY BLUEBERRIES 33GX,Snacks,10.0,120.0,12.0,7,7,1.4285714285714286,17.142857142857142,0
DEWBERRY STRAWBERRY 3.3G,Snacks,10.0,120.0,12.0,2,2,5.0,60.0,0
DIPDIP CREAMY VANILLA 300,Snacks,7.0,140.0,20.0,7,7,1.0,20.0,0
DISHE PRAWN CRACKER SPICY 606,Snacks,7.0,168.0,24.0,5,5,1.4,33.6,0
DISTILLED WATER 35/35ABSOLUTE 0ML,Drinks,1.0,15.0,15.0,1,1,1.0,15.0,0
DM 4 Seasons 1L,Drinks,3.0,414.0,138.0,2,2,1.5,207.0,0
DM Elboutacrni 400g,Packaged Foods,3.0,297.0,99.0,2,2,1.5,148.5,0
DM FruitCocktai1 836g,Packaged Foods,1.0,121.0,121.0,1,1,1.0,121.0,0
DM JCE PNE HRTSMRT4/6/220ML-P ,Drinks,3.0,129.0,43.0,1,1,3.0,129.0,0
DM JUICE PINEAPPLE ACE 240ml,Grocery Staples,9.0,360.0,40.0,9,9,1.0,40.0,0
DM JUICE PINEAPPLE HRTSMRT4/6/220ML-P ,Drinks,11.0,473.0,43.0,6,6,1.8333333333333333,78.83333333333333,0
DM Orange Yog 180ml,Drinks,2.0,60.0,30.0,2,2,1.0,30.0,0
DM PINE TIDBITS SUP 115G,Packaged Foods,2.0,44.0,22.0,2,2,1.0,22.0,0
DM Party Pack,Packaged Foods,1.0,247.0,247.0,1,1,1.0,247.0,0
DM TOM SCE FILIPINO 250G,Packaged Foods,1.0,32.0,32.0,1,1,1.0,32.0,0
DM TOMATO SCE SUP 200G,Packaged Foods,1.0,32.0,32.0,1,1,1.0,32.0,0
DM TomatoPaste 150g,Packaged Foods,3.0,129.0,43.0,2,2,1.5,64.5,0
DORAEMON - yellow pack,JPN FINDS,4.0,1140.0,285.0,3,3,1.3333333333333333,380.0,0
DORAEMON - yellow piece,JPN FINDS,28.0,280.0,10.0,6,6,4.666666666666667,46.666666666666664,0
DOWNY ANTIBAC 22ML 6+1,Household Supplies,12.0,96.0,8.0,3,3,4.0,32.0,0
DOWNY Antibac 750ML,Household Supplies,1.0,196.0,196.0,1,1,1.0,196.0,0
DOWNY GAR BLOOM 24ML 6+1,Household Supplies,6.0,48.0,8.0,3,3,2.0,16.0,0
DOWNY IndrDry750ML,Household Supplies,1.0,196.0,196.0,1,1,1.0,196.0,0
DOWNY MYSTIQUE 20ML 6+1,Household Supplies,6.0,48.0,8.0,2,2,3.0,24.0,0
DP OYSTER SAUCE 30G,Grocery Staples,3.0,21.0,7.0,2,2,1.5,10.5,0
DUTCHE COCOA POWDER 30G,Packaged Foods,11.0,264.0,24.0,2,2,5.5,132.0,0
DUTCHMILL BLUEBERRY 45,Drinks,3.0,48.0,16.0,3,3,1.0,16.0,0
DUTCHMILL ORANGE 45,Drinks,4.0,64.0,16.0,4,4,1.0,16.0,0
Del Monte FourSeason 240ml,Drinks,1.0,43.0,43.0,1,1,1.0,43.0,0
Del Monte Orig Ketchup 320,Household Supplies,4.0,236.0,59.0,4,4,1.0,59.0,0
Dine-in Coffee (Hot water + Stirrer),Others,13.0,65.0,5.0,11,11,1.1818181818181819,5.909090909090909,0
Dine-in Drink (Plastic cup + ice),Ice,19.0,95.0,5.0,11,11,1.7272727272727273,8.636363636363637,0
Dine-in Noodles (Hot water + Fork),Others,10.0,50.0,5.0,8,8,1.25,6.25,0
Doowee Donuts Choco 10s,Snacks,5.0,75.0,15.0,4,4,1.25,18.75,0
Doritos Nacho Cheese,Snacks,4.0,336.0,84.0,2,2,2.0,168.0,0
Double Chocolate Crispy,Ice Cream,34.0,850.0,25.0,19,19,1.7894736842105263,44.73684210526316,1
EFFICASCENT OIL EXTREME 25ML,Toiletries / Personal Care,3.0,144.0,48.0,3,3,1.0,48.0,0
EFFICASCENT OIL REG 25ML,Toiletries / Personal Care,1.0,33.0,33.0,1,1,1.0,33.0,0
EFFICASCENT OIL REG 50ML,Toiletries / Personal Care,1.0,60.0,60.0,1,1,1.0,60.0,0
ENERGEN CHAMP 30GX10 P80,Packaged Foods,1.0,11.0,11.0,1,1,1.0,11.0,0
ENERGEN CHOCO HANGER 40G,Packaged Foods,4.0,44.0,11.0,2,2,2.0,22.0,0
ENERGEN VANILLA HANGER 40,Packaged Foods,8.0,88.0,11.0,3,3,2.6666666666666665,29.333333333333332,0
Eden Cheese 160g,Grocery Staples,6.0,738.0,123.0,5,5,1.2,147.6,0
Eveready Battery Dble A,Others,5.0,125.0,25.0,3,3,1.6666666666666667,41.666666666666664,0
Eveready Battery Trple  A,Others,1.0,30.0,30.0,1,1,1.0,30.0,0
Excellente Grlc Chicken ,Packaged Foods,2.0,74.0,37.0,2,2,1.0,37.0,0
Excellente Hainanese Chix,Packaged Foods,2.0,110.0,55.0,2,2,1.0,55.0,0
Excellente Sotanghon Red Chil ,Packaged Foods,2.0,110.0,55.0,2,2,1.0,55.0,0
Extra Egg,Others,7.0,105.0,15.0,4,4,1.75,26.25,0
Extra Omelette,Others,4.0,140.0,35.0,4,4,1.0,35.0,0
FRESH ECONO BTR 2PLY 11+1,Toiletries / Personal Care,5.0,50.0,10.0,4,4,1.25,12.5,0
FROOTY RAINBOW POP JAR,Snacks,39.0,78.0,2.0,11,11,3.5454545454545454,7.090909090909091,1
FUDGEE BARR CHOCO 10S,Snacks,8.0,72.0,9.5,8,8,1.0,9.0,0
FUDGEE BARR MACAPUNO 10S,Snacks,10.0,104.0,10.666666666666666,5,5,2.0,20.8,0
FUDGEE BARR MILKYCRZE 10S,Snacks,5.0,56.0,11.0,4,4,1.25,14.0,0
FUDGEE BARR VANILLA 10S,Snacks,10.0,104.0,9.6,5,5,2.0,20.8,0
FUNKYFRNCHERYSNAX 23G100,Snacks,9.0,81.0,9.0,6,6,1.5,13.5,0
Fibisco Choco Crunchies 6's,Snacks,4.0,148.0,37.0,4,4,1.0,37.0,0
Fibisco Choco Mallows 100g,Snacks,3.0,168.0,56.0,2,2,1.5,84.0,0
Fiesta Paper Cup,Household Supplies,3.0,180.0,60.0,3,3,1.0,60.0,0
Flat Tops / pc,Snacks,23.0,46.0,2.0,6,6,3.8333333333333335,7.666666666666667,0
Fork White 25s,Household Supplies,1.0,32.0,32.0,1,1,1.0,32.0,0
Fortune Menthol ,Liquor + Cigarettes,2.0,334.0,167.0,2,2,1.0,167.0,0
Fries BBQ - Giga,Fries,19.0,2497.5,135.0,14,14,1.3571428571428572,178.39285714285714,0
Fries BBQ - Jumbo,Fries,20.0,1615.0,85.0,16,16,1.25,100.9375,1
Fries BBQ - Large,Fries,16.0,1040.0,65.0,11,11,1.4545454545454546,94.54545454545455,0
Fries BBQ - Mega,Fries,11.0,1210.0,110.0,9,9,1.2222222222222223,134.44444444444446,0
Fries Cheese - Giga,Fries,11.0,1485.0,135.0,10,10,1.1,148.5,0
Fries Cheese - Jumbo,Fries,15.0,1275.0,85.0,10,10,1.5,127.5,0
Fries Cheese - Large,Fries,6.0,390.0,65.0,6,6,1.0,65.0,0
Fries Cheese - Mega,Fries,3.0,330.0,110.0,2,2,1.5,165.0,0
Fries Sour Cream - Giga,Fries,10.0,1350.0,135.0,9,9,1.1111111111111112,150.0,0
Fries Sour Cream - Jumbo,Fries,9.0,765.0,85.0,9,9,1.0,85.0,0
Fries Sour Cream - Large,Fries,5.0,325.0,65.0,5,5,1.0,65.0,0
Fries Sour Cream - Mega,Fries,6.0,660.0,110.0,6,6,1.0,110.0,0
Frutos Soft Chew 50s,Snacks,1.0,51.0,51.0,1,1,1.0,51.0,0
Full Slab 2pc Lechon Kawali w/ rice,Breakfast,14.0,2160.0,160.0,9,9,1.5555555555555556,240.0,0
G.4htIntenseSoap 3s,Toiletries / Personal Care,1.0,115.0,115.0,1,1,1.0,115.0,0
GARDENIA Cheese Bread 25g,Bread,4.0,399.0,99.75,2,2,2.0,199.5,0
GARDENIA Loaf 400g,Bread,2.0,170.0,85.0,1,1,2.0,170.0,0
GB SpoonFork,Household Supplies,4.0,228.0,57.0,2,2,2.0,114.0,0
GC 70% ETHYL 250ML,Toiletries / Personal Care,2.0,140.0,70.0,2,2,1.0,70.0,0
GC ALCOHOL 70% 75ML,Toiletries / Personal Care,2.0,58.0,29.0,2,2,1.0,29.0,0
GOODNOM FRESH GATA 225ML,Grocery Staples,4.0,160.0,40.0,3,3,1.3333333333333333,53.333333333333336,0
GOYA Choco Coins 50g,Snacks,1.0,36.0,36.0,1,1,1.0,36.0,0
GRAPE CANDY,JPN FINDS,14.0,840.0,60.0,9,9,1.5555555555555556,93.33333333333333,0
GREAT TASTE CHCO TWIN 50G,Grocery Staples,5.0,80.0,16.0,4,4,1.25,20.0,0
GREAT TASTE PREMIUM STICK,Grocery Staples,13.0,52.0,4.0,6,6,2.1666666666666665,8.666666666666666,0
GROUND BLACK PEPPER 10S,Grocery Staples,58.0,116.0,1.5,4,4,14.5,29.0,1
GSM Blue Light Gin 700ml ,Liquor + Cigarettes,3.0,408.0,136.0,3,3,1.0,136.0,0
GT 3n1 Org TwinPk 33g,Packaged Foods,5.0,65.0,13.0,2,2,2.5,32.5,0
GT WHITE TWIN 50G NEW,Packaged Foods,3.0,48.0,16.0,1,1,3.0,48.0,0
Gatorade Blue 500ml,Drinks,13.0,767.0,59.0,10,10,1.3,76.7,0
Gatorade Tropical 500ml,Drinks,11.0,550.0,50.0,8,8,1.375,68.75,0
Gillette ,Household Supplies,4.0,116.0,29.0,4,4,1.0,29.0,0
Ginebra Sanmig Gin Frasco 700ml ,Liquor + Cigarettes,2.0,294.0,147.0,1,1,2.0,294.0,0
Granny Goose,Snacks,5.0,305.0,61.0,4,4,1.25,76.25,0
Grape Soda Pop,Soda Pop,11.0,495.0,45.0,10,10,1.1,49.5,0
Guava Soda Pop,Soda Pop,53.0,3180.0,60.0,18,18,2.9444444444444446,176.66666666666666,1
H Choco Crinkles,Others,3.0,140.0,46.666666666666664,2,2,1.5,70.0,0
H&S SMOOTH&SILKY 12ML11+1,Toiletries / Personal Care,12.0,108.0,9.0,6,6,2.0,18.0,0
HANSEL CHOCO SANDWCH 10S,Snacks,11.0,99.0,9.0,5,5,2.2,19.8,0
HANSEL MOCHA SANDWCH 10S,Snacks,9.0,81.0,9.0,6,6,1.5,13.5,0
HAPPY ABSORBENT COTTON 10G,Toiletries / Personal Care,4.0,24.0,6.0,4,4,1.0,6.0,0
HAPPY BABY PANTS L12,Toiletries / Personal Care,1.0,119.0,119.0,1,1,1.0,119.0,0
HAPPY PEANUT BLUE 205X14,Snacks,26.0,78.0,3.0,5,5,5.2,15.6,0
HOKKAIDO MACKEREL 155G,Grocery Staples,6.0,270.0,45.0,2,2,3.0,135.0,0
Half Slab 1pc Lechon Kawali w/ rice,Breakfast,76.0,5610.0,81.91304347826087,33,33,2.303030303030303,170.0,1
Hamsilog,Breakfast,7.0,375.0,69.57142857142857,6,6,1.1666666666666667,62.5,0
Hermano Refined Sugar,Grocery Staples,4.0,212.0,53.0,4,4,1.0,53.0,0
Hermano Refined Sugar 1/4kilo,Grocery Staples,5.0,135.0,27.0,5,5,1.0,27.0,0
Hershey's Kisses Cookies & Cream 36g,Snacks,1.0,81.0,81.0,1,1,1.0,81.0,0
Hopia Roll Baboy ,Bread,5.0,360.0,72.0,4,4,1.25,90.0,0
Hotsilog,Breakfast,6.0,375.0,67.5,4,4,1.5,93.75,0
ICE CUP 16OZ,Ice,1.0,10.0,10.0,1,1,1.0,10.0,0
ICY Cup 16oz,Ice,23.0,230.0,10.0,12,12,1.9166666666666667,19.166666666666668,0
INDOMIE INST NDL MI GORENG ORG40/85,Packaged Foods,35.0,805.0,23.0,11,11,3.1818181818181817,73.18181818181819,1
INDOMIE INST NDL MIGORENG H&S40/80,Packaged Foods,6.0,138.0,23.0,5,5,1.2,27.6,0
INIPIT ASSORTED 210GX12,Snacks,15.0,93.0,5.428571428571429,7,7,2.142857142857143,13.285714285714286,0
ISLAND CHOCO WAFER 10SX20,Snacks,2.0,10.0,3.3333333333333335,3,3,0.6666666666666666,3.3333333333333335,0
Ice Boss,Ice,55.0,1925.0,35.0,28,28,1.9642857142857142,68.75,1
J.Red Pimiento 113g,Packaged Foods,1.0,42.0,42.0,1,1,1.0,42.0,0
JAPAN COOKIE W SYRINGE,JPN FINDS,1.0,140.0,140.0,1,1,1.0,140.0,0
JAPAN KINDER EGG,JPN FINDS,6.0,810.0,135.0,5,5,1.2,162.0,0
JB OIL REGULAR 50ML,Toiletries / Personal Care,2.0,118.0,59.0,2,2,1.0,59.0,0
JB POW BLOSSOM P PINK 25G,Toiletries / Personal Care,1.0,25.0,25.0,1,1,1.0,25.0,0
JNJ CHOCO KNOTS 30GX100,Snacks,3.0,36.0,12.0,2,2,1.5,18.0,0
JOY ANTIBAC 36ML 6+1,Household Supplies,4.0,60.0,15.0,1,1,4.0,60.0,0
JOY DWL KALAMANSI 40ML,Household Supplies,4.0,60.0,15.0,3,3,1.3333333333333333,20.0,0
JOY DWSH LIQ ALBAC 475ML-P,Household Supplies,2.0,274.0,137.0,2,2,1.0,137.0,0
JOY LEMON 40ML 6+1 Promo PACK,Household Supplies,3.0,45.0,15.0,3,3,1.0,15.0,0
John Pullman,Bread,4.0,264.0,66.0,3,3,1.3333333333333333,88.0,0
John Pullman 450g,Bread,1.0,85.0,42.5,2,2,0.5,42.5,0
KAMI BTR 2P 300S 11+1,Grocery Staples,1.0,12.0,12.0,1,1,1.0,12.0,0
KAMI BTR 2P 300S 11+1,Household Supplies,12.0,144.0,12.0,9,9,1.3333333333333333,16.0,0
KERATIN PLUS GOLD 20GX288,Toiletries / Personal Care,6.0,48.0,8.0,2,2,3.0,24.0,0
KIT KAT CHOCOLATE 2FNGRS 24/17G(20),Snacks,13.0,302.0,22.7,7,7,1.8571428571428572,43.142857142857146,0
KITKAT MATCHA,JPN FINDS,1.0,190.0,190.0,1,1,1.0,190.0,0
KITKAT STRAWBERRY,JPN FINDS,2.0,360.0,180.0,2,2,1.0,180.0,0
KNORR BEEF CUBE 10GX6S,Grocery Staples,1.0,8.0,8.0,1,1,1.0,8.0,0
KNORR BEEF CUBE 5,Grocery Staples,1.0,8.0,8.0,1,1,1.0,8.0,0
KNORR LIQ SEASONING 130ML,Grocery Staples,2.0,146.0,73.0,2,2,1.0,73.0,0
KNORR PORK CUBES 10GX6S,Grocery Staples,6.0,48.0,8.0,1,1,6.0,48.0,0
KNORR SAMPALOK ORIG 22G,Grocery Staples,5.0,90.0,18.0,3,3,1.6666666666666667,30.0,0
KOJIESAN Soap 3x65g,Toiletries / Personal Care,1.0,130.0,130.0,1,1,1.0,130.0,0
KOKOCRUNCH CEREAL 15GX12S,Packaged Foods,4.0,36.0,9.0,4,4,1.0,9.0,0
KOPICCINO COFFEE 25G,Grocery Staples,7.0,70.0,10.0,5,5,1.4,14.0,0
KOPIKO 3 IN 1 30GX10S,Grocery Staples,2.0,20.0,10.0,2,2,1.0,10.0,0
KOPIKO BLANCA TWIN 52G,Grocery Staples,6.0,96.0,16.0,5,5,1.2,19.2,0
KOPIKO BROWN COFFEE 27.5G,Grocery Staples,7.0,56.0,8.0,4,4,1.75,14.0,0
KOPIKO RTD I.CFFEE LUCKY DAY24/180M,Drinks,36.0,1116.0,31.0,20,20,1.8,55.8,1
Koka Chicken Flavour,Packaged Foods,2.0,196.0,98.0,2,2,1.0,98.0,0
Koka Laksa 90g,Packaged Foods,1.0,46.0,46.0,1,1,1.0,46.0,0
Koka Seafood 90g,Packaged Foods,1.0,98.0,98.0,1,1,1.0,98.0,0
Kopiko Brown 53g,Packaged Foods,3.0,54.0,18.0,2,2,1.5,27.0,0
L. Egg Cracklets 150g,Snacks,1.0,81.0,81.0,1,1,1.0,81.0,0
LAVA CAKE CHOCO 40GX10SX12,Snacks,0.0,0.0,0.0,1,1,0.0,0.0,0
LAYS Classic 50g,Snacks,2.0,152.0,76.0,2,2,1.0,76.0,0
LAYS Sour & Cream 50g,Snacks,4.0,304.0,76.0,4,4,1.0,76.0,0
LAYS Swiss Cheese 50g,Snacks,1.0,68.0,68.0,1,1,1.0,68.0,0
LC MAYO BAON PCK 27ML,Packaged Foods,7.0,105.0,15.0,4,4,1.75,26.25,0
LC Mayonnaise 220ml ,Household Supplies,3.0,351.0,117.0,2,2,1.5,175.5,0
LC S/Spread 220ml,Packaged Foods,1.0,122.0,122.0,1,1,1.0,122.0,0
LC SPREAD CHICKEN 27ML,Grocery Staples,2.0,32.0,16.0,1,1,2.0,32.0,0
LC SPREAD HAM 27ML,Packaged Foods,6.0,102.0,17.0,2,2,3.0,51.0,0
LE MINERALE 24/600ML,Drinks,21.0,462.0,22.0,14,14,1.5,33.0,1
LIGHTER SINDI FLINT,Household Supplies,1.0,20.0,20.0,1,1,1.0,20.0,0
LM GOCUP BATCHOY 40G,Packaged Foods,10.0,280.0,28.0,9,9,1.1111111111111112,31.11111111111111,0
LM GOCUP BEEF 406,Packaged Foods,8.0,232.0,29.0,8,8,1.0,29.0,0
LM GOCUP BULALO 406,Packaged Foods,16.0,464.0,29.0,11,11,1.4545454545454546,42.18181818181818,0
LM Jampoong 40g,Packaged Foods,4.0,136.0,34.0,4,4,1.0,34.0,0
LM MamiBeef,Grocery Staples,2.0,22.0,11.0,1,1,2.0,22.0,0
LM P. CANTON EXTRA HOT 75G,Packaged Foods,4.0,72.0,18.0,2,2,2.0,36.0,0
LM PC CHILIMANSI BOG,Packaged Foods,15.0,270.0,18.0,6,6,2.5,45.0,0
LM PC KALAMANSI SOLO PACK,Packaged Foods,3.0,45.0,15.0,2,2,1.5,22.5,0
LM PC Swt&Spcy 80g,Packaged Foods,9.0,171.0,19.0,5,5,1.8,34.2,0
LM Sotanghon Cup 28g,Packaged Foods,6.0,204.0,34.0,6,6,1.0,34.0,0
LM Spicy Bulalo 40g,Packaged Foods,2.0,56.0,28.0,2,2,1.0,28.0,0
LM Sup Seafood 40g,Packaged Foods,2.0,56.0,28.0,1,1,2.0,56.0,0
LS CH002 PIE CHOC-VAN 10S,Snacks,4.0,52.0,13.0,4,4,1.0,13.0,0
LS WHATTA CHOCOLAHAT 10S,Snacks,1.0,8.0,4.0,2,2,0.5,4.0,0
LUCKYME PC ORIGINAL 80G,Packaged Foods,3.0,54.0,18.0,1,1,3.0,54.0,0
LUCKYME SPICYHOT BEEF 50G,Packaged Foods,2.0,26.0,13.0,1,1,2.0,26.0,0
LUMPIA SHANGHAI CHIZ 65G,Snacks,20.0,527.0,26.38888888888889,17,17,1.1764705882352942,31.0,1
LUMPIA SHANGHAI SWEETCOR 65G,Snacks,29.0,761.0,26.05,15,15,1.9333333333333333,50.733333333333334,1
Labuyo Madness - Spiced Vinegar,Others,1.0,170.0,170.0,1,1,1.0,170.0,0
Lala Fish Cracker 100g,Snacks,1.0,52.0,52.0,1,1,1.0,52.0,0
Liliy's Peanut Butter 224g,Grocery Staples,1.0,142.0,142.0,1,1,1.0,142.0,0
Lucky Me P/CKalamansi 80g,Packaged Foods,9.0,133.0,19.0,4,4,2.25,33.25,0
Lucky Me Spcy Batchoy 40g,Packaged Foods,7.0,196.0,28.0,6,6,1.1666666666666667,32.666666666666664,0
MAGGI MAGIC SARAP 8GX16,Grocery Staples,48.0,336.0,7.0,4,4,12.0,84.0,1
MALING B2 CHICKEN LMEAT 3,Grocery Staples,4.0,572.0,143.0,4,4,1.0,143.0,0
MANG JUAN CHICKEN SKIN 17G,Snacks,3.0,33.0,11.0,3,3,1.0,11.0,0
MANG TOMAS SARSA 325G,Grocery Staples,4.0,176.0,44.0,4,4,1.0,44.0,0
MARLBORO BLACK,Liquor + Cigarettes,2.0,360.0,180.0,2,2,1.0,180.0,0
MARLBORO CRAFTED ICE,Liquor + Cigarettes,5.0,900.0,180.0,5,5,1.0,180.0,0
MARLBORO GOLD,Liquor + Cigarettes,10.0,1800.0,180.0,9,9,1.1111111111111112,200.0,0
MARLBORO MENTHOL ICE BLAST MEGA,Liquor + Cigarettes,5.0,900.0,180.0,4,4,1.25,225.0,0
MARLBORO RED,Liquor + Cigarettes,13.0,2360.0,181.53846153846155,12,12,1.0833333333333333,196.66666666666666,0
MASTER GULAMAN PWD WHITE 10/256,Grocery Staples,9.0,126.0,14.0,2,2,4.5,63.0,0
MAXX HONEY LEMON 50S,Snacks,55.0,110.0,1.5,4,4,13.75,27.5,1
MAYA CrnStarch100g,Packaged Foods,1.0,19.0,19.0,1,1,1.0,19.0,0
MEGA SARDINES GREEN 155G,Snacks,2.0,72.0,36.0,2,2,1.0,36.0,0
MEIJI BLACK,JPN FINDS,3.0,330.0,110.0,3,3,1.0,110.0,0
MEIJI BROWN,JPN FINDS,5.0,550.0,110.0,1,1,5.0,550.0,0
MEIJI GREEN,JPN FINDS,1.0,110.0,110.0,1,1,1.0,110.0,0
MENTOS FRT SQUARE JR 200S,Snacks,81.0,162.0,2.0,19,19,4.2631578947368425,8.526315789473685,1
MILO ACTIV GO DK TWIN PCK,Grocery Staples,5.0,99.0,16.5,2,2,2.5,49.5,0
MINI PRETZELS CHOCO 28G,Snacks,5.0,60.0,12.0,5,5,1.0,12.0,0
MISO SOUP (GREEN),JPN FINDS,1.0,175.0,175.0,1,1,1.0,175.0,0
MISO SOUP (RED,JPN FINDS,1.0,175.0,175.0,1,1,1.0,175.0,0
MM Mango Orng 330m1,Drinks,1.0,36.0,36.0,1,1,1.0,36.0,0
MOBY CARAMEL PUFFS 60GX50,Snacks,14.0,338.0,24.076923076923077,13,13,1.0769230769230769,26.0,0
MOBY CHOCOLATE 25GX100,Snacks,12.0,120.0,10.0,9,9,1.3333333333333333,13.333333333333334,0
MOD CSOFT UT ON WING 10S,Toiletries / Personal Care,2.0,352.0,176.0,2,2,1.0,176.0,0
MOGU MOGU Jelly Lychee w/Nata Pouch,Drinks,2.0,114.0,57.0,2,2,1.0,57.0,0
MOGU MOGU LYCHEES 320MLX24,Drinks,18.0,1176.0,65.25,16,16,1.125,73.5,1
MONDE MAMON CLASSIC 12S,Snacks,11.0,253.0,23.0,7,7,1.5714285714285714,36.142857142857146,0
MR. HAT GULMN PWD BOPNDAN 10/25G ,Grocery Staples,1.0,16.0,16.0,1,1,1.0,16.0,0
MRTYS CRCKLIN SLT&VIN 26G,Snacks,4.0,40.0,10.0,4,4,1.0,10.0,0
MUSHROOM CHOCO,JPN FINDS,7.0,770.0,110.0,3,3,2.3333333333333335,256.6666666666667,0
Magnolia Full Cream 200ml,Drinks,3.0,123.0,41.0,3,3,1.0,41.0,0
Marby Whole Wheat Bread,Bread,2.0,178.0,89.0,1,1,2.0,178.0,0
Maxx Cherry 50s,Snacks,22.0,44.0,2.0,9,9,2.4444444444444446,4.888888888888889,0
Maxx Fresh Menthol ,Snacks,7.0,14.0,2.0,2,2,3.5,7.0,0
Maya Hotcake Orig 500g,Grocery Staples,3.0,216.0,72.0,3,3,1.0,72.0,0
Mentos Menthol 50s,Snacks,21.0,42.0,2.0,3,3,7.0,14.0,0
Mentos Mint 100s,Snacks,10.0,20.0,2.0,3,3,3.3333333333333335,6.666666666666667,0
Mighty Bond,Others,4.0,108.0,27.0,3,3,1.3333333333333333,36.0,0
Miki Miki Chocolate,Ice Cream,59.0,708.0,12.0,14,14,4.214285714285714,50.57142857142857,1
Milk Melon,Ice Cream,53.0,848.0,16.0,21,21,2.5238095238095237,40.38095238095238,1
Mini Mamon Special ,Bread,12.0,576.0,48.0,7,7,1.7142857142857142,82.28571428571429,0
Mini Monay ,Bread,5.0,315.0,63.0,4,4,1.25,78.75,0
Minute Maid Orange 330ml ,Drinks,6.0,216.0,36.0,4,4,1.5,54.0,0
Moby Choco 60g,Snacks,2.0,48.0,24.0,2,2,1.0,24.0,0
Mochi Chocolate,Ice Cream,26.0,416.0,16.0,19,19,1.368421052631579,21.894736842105264,1
Mogu Coconut 320ml,Drinks,1.0,66.0,66.0,1,1,1.0,66.0,0
Mongo Bread,Bread,4.0,348.0,87.0,3,3,1.3333333333333333,116.0,0
Mountain Dew 600m1,Drinks,7.0,315.0,45.0,2,2,3.5,157.5,0
Mountain Dew Reg 295ml,Drinks,9.0,225.0,25.0,7,7,1.2857142857142858,32.142857142857146,0
MountainDewZeroSgr,Drinks,2.0,90.0,45.0,2,2,1.0,45.0,0
Mr Pullman Classic White Bread,Bread,14.0,1274.0,91.0,11,11,1.2727272727272727,115.81818181818181,0
Mug Can Root Beer 320ml,Drinks,1.0,51.0,51.0,1,1,1.0,51.0,0
MySan GrahamHoney,Grocery Staples,2.0,124.0,62.0,1,1,2.0,124.0,0
N Beef Bulgogi 101g,Packaged Foods,1.0,108.0,108.0,1,1,1.0,108.0,0
N Shin Cup Shrimp 72g,Packaged Foods,11.0,847.0,77.0,9,9,1.2222222222222223,94.11111111111111,0
N. Shin Black 101g,Packaged Foods,1.0,164.0,164.0,1,1,1.0,164.0,0
N. ShinRmynSpcy 131g,Packaged Foods,2.0,200.0,100.0,2,2,1.0,100.0,0
N. Spicy Mushroom 117g,Packaged Foods,2.0,216.0,108.0,2,2,1.0,108.0,0
NCAFE CREAMY LATTE PACK 20X20G,Packaged Foods,4.0,48.0,12.0,4,4,1.0,12.0,0
NCAFE CREAMY WHITE PACK 20X20G,Packaged Foods,2.0,24.0,12.0,2,2,1.0,12.0,0
NESCAFE ORIG TWIN 40GX200,Packaged Foods,12.0,216.0,18.0,11,11,1.0909090909090908,19.636363636363637,0
NESTEA LEMON ICE 500ML,Drinks,4.0,148.0,37.0,4,4,1.0,37.0,0
NESTEA LEMON LITRO 19G,Packaged Foods,12.0,312.0,26.0,6,6,2.0,52.0,0
NESTLE COFFEE CREAMER 80G,Grocery Staples,12.0,580.0,51.6,10,10,1.2,58.0,0
NESTLE COFFEEMATE 400G,Grocery Staples,5.0,650.0,130.0,5,5,1.0,130.0,0
NESTLE CREAM ALL PURPOSE 125ML,Grocery Staples,3.0,147.0,49.0,2,2,1.5,73.5,0
NESTLE Cream 250ml,Grocery Staples,3.0,267.0,89.0,2,2,1.5,133.5,0
NIPS MILK CHOCO 16GX12S,Packaged Foods,14.0,98.0,7.0,4,4,3.5,24.5,0
NIPS WHITE CHOCO 17E 14GX12S,Packaged Foods,10.0,70.0,7.0,2,2,5.0,35.0,0
NISSIN CREAMY SEAFOOD 63G,Packaged Foods,5.0,15.0,3.0,2,2,2.5,7.5,0
NISSIN CUP MINI BULALO 40G,Packaged Foods,5.0,140.0,22.4,5,5,1.0,28.0,0
NISSIN CUP NOODLES,JPN FINDS,26.0,3250.0,125.0,13,13,2.0,250.0,0
NISSIN MINI BATCHOY 40G,Packaged Foods,8.0,232.0,29.0,3,3,2.6666666666666665,77.33333333333333,0
NISSIN MINI CHICKEN 40G,Packaged Foods,5.0,145.0,29.0,4,4,1.25,36.25,0
NISSIN MINI CUP BEEF 40G,Packaged Foods,4.0,116.0,29.0,3,3,1.3333333333333333,38.666666666666664,0
NISSIN RAMEN SPICY SEAFOOD 59G,Packaged Foods,2.0,38.0,19.0,1,1,2.0,38.0,0
NOVA HOMESTYLE BBQ 40GX80,Snacks,9.0,225.0,25.0,9,9,1.0,25.0,0
NS Alkaline 10L,Water,8.0,1480.0,185.0,3,3,2.6666666666666665,493.3333333333333,0
NS Alkaline Water 1L,Water,49.0,1911.0,39.0,34,34,1.4411764705882353,56.205882352941174,1
NS Alkaline Water 500ML,Water,50.0,1322.0,26.31578947368421,29,29,1.7241379310344827,45.58620689655172,1
NS Alkaline Water 6.6L,Water,9.0,1431.0,159.0,7,7,1.2857142857142858,204.42857142857142,0
NS Distilled 350ML,Water,11.0,198.0,18.0,5,5,2.2,39.6,0
NS Distilled 500ML,Water,10.0,210.0,21.0,7,7,1.4285714285714286,30.0,0
NS Distilled Water 1L,Water,29.0,1015.0,35.0,18,18,1.6111111111111112,56.388888888888886,1
NS Distilled Water 5L,Water,6.0,648.0,108.0,5,5,1.2,129.6,0
NS Purified Water 1L,Water,89.0,2314.0,26.0,44,44,2.022727272727273,52.59090909090909,1
NS Purified Water 350ML,Water,131.0,1572.0,12.0,55,55,2.381818181818182,28.581818181818182,1
NS Purified Water 500ML,Water,158.0,2528.0,16.0,58,58,2.7241379310344827,43.58620689655172,1
NSTLE Coffeemate 400g,Grocery Staples,4.0,576.0,144.0,4,4,1.0,144.0,0
NURTURE WIPES PS 30S,Toiletries / Personal Care,1.0,51.0,51.0,1,1,1.0,51.0,0
Nanas Stick,Ice Cream,73.0,949.0,13.0,9,9,8.11111111111111,105.44444444444444,1
Nescafe Orig 120x20g,Grocery Staples,1.0,0.0,9.0,1,1,1.0,0.0,0
Nestea Lemon 350ml,Drinks,5.0,150.0,30.0,4,4,1.25,37.5,0
Nissin Cheese Seafood 50g,Packaged Foods,1.0,32.0,32.0,1,1,1.0,32.0,0
Nissin Cup Creamy Seafood ,Packaged Foods,10.0,290.0,29.0,6,6,1.6666666666666667,48.333333333333336,0
Nissin Cup Korean Style 45g,Grocery Staples,6.0,198.0,33.0,6,6,1.0,33.0,0
Nissin Pasta Carbonara 60g,Packaged Foods,6.0,120.0,20.0,1,1,6.0,120.0,0
Nissin S Chicken 52g,Grocery Staples,7.0,189.0,27.0,5,5,1.4,37.8,0
Nissin S/Chicken 77g,Packaged Foods,1.0,42.0,42.0,1,1,1.0,42.0,0
Nissin Spcy Hot Beef 45g,Packaged Foods,4.0,116.0,29.0,3,3,1.3333333333333333,38.666666666666664,0
Nissin Svry Beef 52g,Grocery Staples,4.0,108.0,27.0,4,4,1.0,27.0,0
Nongshim Cup Ramen 65g,Snacks,3.0,258.0,86.0,2,2,1.5,129.0,0
Nova BBQ 78g,Snacks,1.0,53.0,53.0,1,1,1.0,53.0,0
Nova M/C Chddr 40g,Snacks,8.0,200.0,25.0,7,7,1.1428571428571428,28.571428571428573,0
Nova Sweet Chilly 40g,Snacks,8.0,200.0,25.0,7,7,1.1428571428571428,28.571428571428573,0
Nova SweetChilli 78g,Snacks,4.0,212.0,53.0,4,4,1.0,53.0,0
Nutella Spread 200g,Grocery Staples,2.0,438.0,219.0,1,1,2.0,438.0,0
O MC Salt&Vinegar 90g,Snacks,2.0,62.0,31.0,2,2,1.0,31.0,0
O MSweetCorn 105g,Snacks,1.0,36.0,36.0,1,1,1.0,36.0,0
O Martys Bacon 90g,Snacks,1.0,39.0,39.0,1,1,1.0,39.0,0
O Pillows Ube 24g,Snacks,1.0,10.0,10.0,1,1,1.0,10.0,0
O-PUFF F. MANGO 17GX100,Snacks,6.0,30.0,5.0,4,4,1.5,7.5,0
O-PUFF MARSHMALLOW CHOCO,Snacks,0.0,0.0,0.0,1,1,0.0,0.0,0
OISHI BREADPAN BTTRTST 24G,Snacks,1.0,10.0,10.0,1,1,1.0,10.0,0
OISHI BREADPAN CHEESE 24G,Snacks,4.0,40.0,10.0,4,4,1.0,10.0,0
OISHI BREADPAN GARLIC 24G,Snacks,4.0,40.0,10.0,4,4,1.0,10.0,0
OISHI CRCKLIN SLT&VIN 50G,Snacks,10.0,210.0,21.0,9,9,1.1111111111111112,23.333333333333332,0
OISHI Cheese Clubs 23g,Snacks,1.0,11.0,11.0,1,1,1.0,11.0,0
OISHI MRTYS CRCKLN SPCY 26G,Snacks,4.0,40.0,10.0,4,4,1.0,10.0,0
OISHI PILLOWS CHOCO 38G,Snacks,12.0,156.0,13.0,9,9,1.3333333333333333,17.333333333333332,0
OISHI POTATO CRISP BACONCHZ 18G,Snacks,5.0,50.0,10.0,5,5,1.0,10.0,0
OISHI POTATO CRISP CHEESE 18G,Snacks,6.0,60.0,10.0,4,4,1.5,15.0,0
OISHI POTATO FRIES BBQ 21G,Snacks,3.0,31.0,10.333333333333334,3,3,1.0,10.333333333333334,0
OISHI PRAWN CRACKER 60G,Snacks,6.0,144.0,24.0,5,5,1.2,28.8,0
OISHI PRWN CRCKRS SWTHT 60G,Snacks,4.0,92.0,23.0,4,4,1.0,23.0,0
OISHI Spicy Seafood 24g,Snacks,3.0,33.0,11.0,3,3,1.0,11.0,0
OISHI Sweet&Hot 24g,Snacks,2.0,22.0,11.0,2,2,1.0,11.0,0
ORAL-B SHINY CLEAN HANG PCK,Toiletries / Personal Care,3.0,72.0,24.0,2,2,1.5,36.0,0
Oh Ricey Beef 71g,Packaged Foods,2.0,142.0,71.0,2,2,1.0,71.0,0
Oh Ricey Chicken 71g,Packaged Foods,1.0,71.0,71.0,1,1,1.0,71.0,0
Oishi Kirei 60g,Snacks,5.0,175.0,35.0,5,5,1.0,35.0,0
Oishi Potato Fries Cheese 50g,Snacks,7.0,161.0,23.0,6,6,1.1666666666666667,26.833333333333332,0
Oishi Potato Fries Ketchup 50g,Snacks,6.0,156.0,26.0,5,5,1.2,31.2,0
P Silver Plate 20s,Household Supplies,3.0,123.0,41.0,2,2,1.5,61.5,0
PALMOLIVE PINK TRIPLE 15ML 1+1,Toiletries / Personal Care,9.0,72.0,8.0,4,4,2.25,18.0,0
PALMOLIVE SH SS TRIPLE 15ML 1+1,Toiletries / Personal Care,9.0,72.0,8.0,4,4,2.25,18.0,0
PANTENE HF TRISCHT 12MLX6,Toiletries / Personal Care,2.0,12.0,6.0,2,2,1.0,6.0,0
PAYLESS MAMI CHICKEN 55G,Packaged Foods,2.0,20.0,10.0,1,1,2.0,20.0,0
PC Bacon & Cheese 50g,Snacks,4.0,104.0,26.0,3,3,1.3333333333333333,34.666666666666664,0
PELICAN SOAP (PEACH) 1 MORE,JPN FINDS,2.0,770.0,385.0,2,2,1.0,385.0,0
PF.LnchnhtXmsPck,Grocery Staples,1.0,226.67,226.67,1,1,1.0,226.67,0
PIC-A BBQ OVERLOAD 180G,Snacks,10.0,828.0,82.8,10,10,1.0,82.8,0
PIC-A CHEDDAR SNACK 180G,Snacks,8.0,656.0,82.0,8,8,1.0,82.0,0
PITATOS CHEESE 40GX80,Snacks,11.0,274.0,24.9,8,8,1.375,34.25,0
PITATOS CHEESE 85GX50,Snacks,12.0,612.0,51.0,11,11,1.0909090909090908,55.63636363636363,0
PITATOS RDHS BBQ 85GX50,Snacks,3.0,153.0,51.0,3,3,1.0,51.0,0
PITATOS SOUR CREAM 40GX80,Snacks,5.0,123.0,24.6,5,5,1.0,24.6,0
PITATOS SOUR CREAM 85GX50,Snacks,4.0,204.0,51.0,4,4,1.0,51.0,0
POCARI Sweat 500m1,Drinks,1.0,64.0,64.0,1,1,1.0,64.0,0
POTATO FRITES TMT KCHP 21G,Snacks,5.0,50.0,10.0,5,5,1.0,10.0,0
PRETZEL BLUE,JPN FINDS,6.0,510.0,85.0,4,4,1.5,127.5,0
PRETZEL BROWN,JPN FINDS,2.0,170.0,85.0,1,1,2.0,170.0,0
PRETZEL COOKIES & CREAM,JPN FINDS,6.0,510.0,85.0,3,3,2.0,170.0,0
PS Macapuno 12oz,Packaged Foods,1.0,155.0,155.0,1,1,1.0,155.0,0
Piattos Bbq 40g,Snacks,2.0,50.0,25.0,2,2,1.0,25.0,0
Piyaya Plain,Bread,5.0,305.0,61.0,4,4,1.25,76.25,0
Piyaya Ube,Bread,4.0,244.0,61.0,3,3,1.3333333333333333,81.33333333333333,0
Potato Crisp Beef n Chili 50g,Snacks,9.0,234.0,26.0,7,7,1.2857142857142858,33.42857142857143,0
Potato Crisp Cheese 50g,Snacks,13.0,338.0,26.0,7,7,1.8571428571428572,48.285714285714285,0
Potato Crisp Tmto Ketchup 50g,Snacks,2.0,52.0,26.0,2,2,1.0,26.0,0
Potchi Strawberry 50s,Snacks,2.0,102.0,34.0,3,3,0.6666666666666666,34.0,0
Presto ChocoVan,Snacks,2.0,24.0,12.0,1,1,2.0,24.0,0
Pringles Cheese ,Snacks,1.0,153.0,153.0,1,1,1.0,153.0,0
Pringles Original ,Snacks,3.0,459.0,153.0,3,3,1.0,153.0,0
Pringles Sour Cream,Snacks,2.0,306.0,153.0,2,2,1.0,153.0,0
Pullman Supreme ,Grocery Staples,3.0,350.0,116.66666666666667,3,3,1.0,116.66666666666667,0
Purefoods Cornedbeef 150g,Grocery Staples,2.0,202.0,101.0,2,2,1.0,101.0,0
RAMEN TONKATSU,JPN FINDS,3.0,495.0,165.0,2,2,1.5,247.5,0
RED HORSE BEER 1L,Liquor + Cigarettes,24.0,3240.0,135.0,9,9,2.6666666666666665,360.0,0
RED HORSE BEER 500ML,Liquor + Cigarettes,12.0,840.0,70.0,6,6,2.0,140.0,0
RED HORSE BEER CAN 24/330ML,Drinks,24.0,1800.0,75.0,7,7,3.4285714285714284,257.14285714285717,0
RENO LIVER SPREAD 85G,Grocery Staples,8.0,264.0,33.0,5,5,1.6,52.8,0
REXONA INV DRY MEN 25ML,Toiletries / Personal Care,1.0,98.0,98.0,1,1,1.0,98.0,0
RICOA CurlyTops 10s,Snacks,2.0,52.0,26.0,2,2,1.0,26.0,0
RICOA FLAT TOPS 10'S,Snacks,4.0,104.0,26.0,4,4,1.0,26.0,0
RICOA FlatTops 30s,Snacks,2.0,152.0,76.0,2,2,1.0,76.0,0
ROLLER COASTER CHEESE 24G,Snacks,7.0,77.0,11.0,6,6,1.1666666666666667,12.833333333333334,0
ROYAL ZERO,Drinks,7.0,322.0,46.0,6,6,1.1666666666666667,53.666666666666664,0
RUFFLES Chdr&SourCrm 50g,Snacks,2.0,152.0,76.0,2,2,1.0,76.0,0
Regent Tempura 100g,Snacks,3.0,93.0,31.0,3,3,1.0,31.0,0
Rite n Lite Cal Gin Hon 250ml,Drinks,9.0,333.0,37.0,8,8,1.125,41.625,0
Rite n Lite Cucumber 250ml,Drinks,4.0,152.0,38.0,3,3,1.3333333333333333,50.666666666666664,0
Rite n Lite Lemon 250ml ,Drinks,4.0,152.0,38.0,4,4,1.0,38.0,0
Rite n Lite Lychee Rose 250ml,Drinks,10.0,370.0,37.0,10,10,1.0,37.0,0
Rite n Lite RootBeer 250ml ,Drinks,3.0,129.0,43.0,3,3,1.0,43.0,0
Rite n Lite Rootbeer 250ml,Drinks,5.0,190.0,38.0,3,3,1.6666666666666667,63.333333333333336,0
Royal Orange Can 320ml,Drinks,7.0,343.0,49.0,2,2,3.5,171.5,0
Royal Regular 1.5L,Drinks,9.0,828.0,92.0,8,8,1.125,103.5,0
Royal Swakto PET bottle,Drinks,7.0,140.0,20.0,4,4,1.75,35.0,0
Royal Tru Lemon Can 320ml,Drinks,3.0,147.0,49.0,3,3,1.0,49.0,0
Royal in Can 180ml,Drinks,1.0,32.0,32.0,1,1,1.0,32.0,0
Ruffles Chd&SR 170g,Snacks,2.0,460.0,230.0,1,1,2.0,460.0,0
S C+ Dalandan 350ml ,Snacks,5.0,175.0,35.0,5,5,1.0,35.0,0
S DELIGHTS MINT CHOCO CHIP,Snacks,2.0,152.0,76.0,2,2,1.0,76.0,0
S ECScrub Sponge ,Household Supplies,2.0,114.0,57.0,2,2,1.0,57.0,0
SAFEGUARD ARCTIC 55G 6+1,Toiletries / Personal Care,7.0,175.0,25.0,6,6,1.1666666666666667,29.166666666666668,0
SAFEGUARD WHITE 60G 6+1,Toiletries / Personal Care,2.0,50.0,25.0,1,1,2.0,50.0,0
SAN MARINO CHLI COR. TUNA YLW 85G,Grocery Staples,2.0,72.0,36.0,2,2,1.0,36.0,0
SAN MARINO CORNED TUNA RED 85G,Grocery Staples,2.0,72.0,36.0,2,2,1.0,36.0,0
SAN MARINO TUNA PAELLA 180G,Grocery Staples,6.0,354.0,59.0,3,3,2.0,118.0,0
SAN MIG BEER APPLE IN CAN 24/380ML,Drinks,22.0,1562.0,71.0,8,8,2.75,195.25,0
SAN MIG BEER IN CAN 24/330ML,Drinks,14.0,1050.0,75.0,6,6,2.3333333333333335,175.0,0
SAN MIG BEER LEMON IN CAN 24/330ML,Drinks,7.0,504.0,72.0,4,4,1.75,126.0,0
SAN MIG BEER LIGHT IN CAN 24/330ML,Drinks,13.0,975.0,75.0,6,6,2.1666666666666665,162.5,0
SAN MIG LIGHT BOTTLE 330ML,Liquor + Cigarettes,11.0,605.0,55.0,5,5,2.2,121.0,0
SANMARINO C. TUNA 150GX48,Grocery Staples,4.0,184.0,46.0,2,2,2.0,92.0,0
SANMARINO CHILI CT 150GX48,Grocery Staples,2.0,92.0,46.0,1,1,2.0,92.0,0
SANMIG COFFEE ORG S.FREE 2/10/7G-P,Grocery Staples,51.0,918.0,18.0,6,6,8.5,153.0,1
SC Pinoy Bawang 32g,Snacks,6.0,90.0,15.0,4,4,1.5,22.5,0
SCWWPPS Soda Water,Drinks,2.0,100.0,50.0,2,2,1.0,50.0,0
SELECTA FORTI LOWFAT SV25,Drinks,7.0,301.0,43.0,6,6,1.1666666666666667,50.166666666666664,0
SILKA ORANGE SOAP 65G,Toiletries / Personal Care,2.0,44.0,22.0,2,2,1.0,22.0,0
SILVERSW PATTIS SFA 350ML,Grocery Staples,3.0,90.0,30.0,3,3,1.0,30.0,0
SINAG CANDLE #24X60,Household Supplies,2.0,178.0,89.0,1,1,2.0,178.0,0
SISTERS MEN’S PANTS LG 65,Toiletries / Personal Care,3.0,519.0,173.0,3,3,1.0,173.0,0
SISTERS MEN’S PANTS MED 65,Toiletries / Personal Care,2.0,296.0,148.0,2,2,1.0,148.0,0
SISTERS NIGHT USE 8S,Toiletries / Personal Care,1.0,33.0,33.0,1,1,1.0,33.0,0
SISTERS SF NIGHT USE 8S,Toiletries / Personal Care,1.0,29.0,29.0,1,1,1.0,29.0,0
SKYFLAKES 600G (36OS) 25G24S,Snacks,52.0,468.0,9.0,17,17,3.0588235294117645,27.529411764705884,1
SKYFLAKES SINGLES 25GX10S,Snacks,9.0,81.0,9.0,4,4,2.25,20.25,0
SMART C Calamansi 350ml ,Drinks,8.0,272.0,34.0,6,6,1.3333333333333333,45.333333333333336,0
SMART C DALANDAN 500MLX24,Drinks,1.0,42.0,42.0,1,1,1.0,42.0,0
SMART C Lemon Sqz 350ml ,Drinks,3.0,102.0,34.0,2,2,1.5,51.0,0
SMART C Lemon Sqz 500ml ,Drinks,3.0,132.0,44.0,2,2,1.5,66.0,0
SMART C ORANGE 350ml,Drinks,2.0,68.0,34.0,2,2,1.0,34.0,0
SMART C ORANGE 500MLX24,Drinks,4.0,168.0,42.0,4,4,1.0,42.0,0
SMISS CRMY CHOCO MALL 20GX10,Snacks,9.0,108.0,12.0,3,3,3.0,36.0,0
SNACKU VEGETABLE SNACK 605,Snacks,18.0,432.0,24.0,14,14,1.2857142857142858,30.857142857142858,1
SOLA Lemon 473ml ,Drinks,1.0,85.0,85.0,1,1,1.0,85.0,0
SOLA Raspberry 473ml ,Drinks,2.0,170.0,85.0,2,2,1.0,85.0,0
SPAM Luncheon Meat Less Sodium 12oz,Grocery Staples,2.0,530.0,265.0,2,2,1.0,265.0,0
SPAM Luncheon Meat Lite 12oz,Grocery Staples,1.0,265.0,265.0,1,1,1.0,265.0,0
SPAM Luncheon Meat Reg 12oz,Grocery Staples,1.0,265.0,265.0,1,1,1.0,265.0,0
SPRITE ZERO,Drinks,29.0,1336.0,46.07692307692308,18,18,1.6111111111111112,74.22222222222223,1
SRS BUDGET REFINED 250G,Grocery Staples,4.0,108.0,27.0,4,4,1.0,27.0,0
SRS PAMINTANG BUO TIES,Grocery Staples,20.0,40.0,2.0,1,1,20.0,40.0,1
SRS SOY SAUCE 385ML/24,Grocery Staples,1.0,28.0,28.0,1,1,1.0,28.0,0
SRS VINEGAR 385ML/24,Grocery Staples,1.0,23.0,23.0,1,1,1.0,23.0,0
STIKO INDY PCK CHOCO 30GX60,Snacks,3.0,54.0,18.0,2,2,1.5,27.0,0
STING Straberry 330ml,Drinks,10.0,290.0,29.0,8,8,1.25,36.25,0
STUFFED PUFF (AURO),Others,2.0,200.0,100.0,1,1,2.0,200.0,0
STUFFED PUFF (COOKIE BUTTER),Others,2.0,200.0,100.0,1,1,2.0,200.0,0
STUFFED PUFF (MATCHA),Others,2.0,200.0,100.0,1,1,2.0,200.0,0
STUFFED PUFF (UBE),Others,2.0,200.0,100.0,1,1,2.0,200.0,0
STUFFED PUFF (VANILLA),Others,4.0,400.0,100.0,2,2,2.0,200.0,0
SUPER DELIGHTS BROWNIES,Snacks,1.0,82.0,82.0,1,1,1.0,82.0,0
SUPER Sweetcorn 55g,Snacks,6.0,96.0,16.0,5,5,1.2,19.2,0
SURF FABCON BLSM FRSH 28ML,Household Supplies,2.0,16.0,8.0,1,1,2.0,16.0,0
SURF FABCON F. PERFUM 25ML,Household Supplies,2.0,16.0,8.0,1,1,2.0,16.0,0
SURF FBCN CHRCOAL FRSH BLK 25ML,Household Supplies,2.0,16.0,8.0,1,1,2.0,16.0,0
SURF PWDR CHERRY BLSSM 65G,Toiletries / Personal Care,10.0,90.0,9.0,7,7,1.4285714285714286,12.857142857142858,0
SURF PWDR PRPL E BLMS 65G,Toiletries / Personal Care,10.0,90.0,9.0,7,7,1.4285714285714286,12.857142857142858,0
Samyang Chz Chili,Grocery Staples,3.0,336.0,112.0,3,3,1.0,112.0,0
Samyang F Chix,Grocery Staples,2.0,212.0,106.0,1,1,2.0,212.0,0
Sandwich - Chicken,Others,3.0,225.0,75.0,2,2,1.5,112.5,0
Sandwich - Tuna,Others,3.0,285.0,95.0,3,3,1.0,95.0,0
Seafd Shrmp Tnkts 45g,Packaged Foods,1.0,34.0,34.0,1,1,1.0,34.0,0
Shawarma - Extra Beef,Shawarma,23.0,345.0,15.0,15,15,1.5333333333333334,23.0,1
Shawarma - Extra Cheese,Shawarma,4.0,40.0,10.0,2,2,2.0,20.0,0
Shawarma Fries Jumbo ,Shawarma,1.0,100.0,100.0,1,1,1.0,100.0,0
Shawarma Nachos,Shawarma,70.0,6650.0,95.0,35,35,2.0,190.0,1
Shawarma Pita (1pc),Shawarma,50.0,3440.0,73.3695652173913,30,30,1.6666666666666667,114.66666666666667,1
Shawarma Pita (B1T1),Shawarma,116.0,16240.0,140.0,49,49,2.36734693877551,331.42857142857144,1
Shawarma Rice,Shawarma,52.0,4680.0,90.0,32,32,1.625,146.25,1
Soju Goodday Grape 109.50,Liquor + Cigarettes,2.0,242.0,121.0,1,1,2.0,242.0,0
Soju Goodday Peach 109.50,Liquor + Cigarettes,2.0,242.0,121.0,2,2,1.0,121.0,0
Spanish Bread ,Bread,4.0,236.0,59.0,4,4,1.0,59.0,0
Spoon White  25s,Household Supplies,1.0,32.0,32.0,1,1,1.0,32.0,0
Sprite Reg 1.5L,Drinks,13.0,1248.0,96.0,8,8,1.625,156.0,0
Sprite Swakto PET bottle,Drinks,48.0,960.0,20.64516129032258,18,18,2.6666666666666665,53.333333333333336,1
Sprite Zero Sugar 1.5L,Drinks,1.0,96.0,96.0,1,1,1.0,96.0,0
Sting Strawberry 290ML,Drinks,7.0,182.0,26.0,7,7,1.0,26.0,0
Strawberry Crispy,Ice Cream,26.0,520.0,20.0,18,18,1.4444444444444444,28.88888888888889,1
Sundae Chocolate,Ice Cream,40.0,1040.0,26.0,19,19,2.1052631578947367,54.73684210526316,1
Sweet Corn,Ice Cream,29.0,464.0,16.0,17,17,1.7058823529411764,27.294117647058822,1
TANG LITRO DALANDAN 19G,Grocery Staples,7.0,168.0,24.0,3,3,2.3333333333333335,56.0,0
TANG MANGGA 19G,Grocery Staples,1.0,24.0,24.0,1,1,1.0,24.0,0
TENDER CARE TALC CLSSC 25G,Toiletries / Personal Care,1.0,16.0,16.0,1,1,1.0,16.0,0
THOSE DAYS NAPKIN BPW 8S,Toiletries / Personal Care,4.0,80.0,20.0,4,4,1.0,20.0,0
TIDE BAR W/ DOWNY 125G,Household Supplies,1.0,17.0,17.0,1,1,1.0,17.0,0
TIDY UP DWL NP KAL 350ML,Grocery Staples,1.0,65.0,65.0,1,1,1.0,65.0,0
TIDY UP DWL NP KAL 350ML,Toiletries / Personal Care,1.0,65.0,65.0,1,1,1.0,65.0,0
TL CLEANSING WIPES 20S,Toiletries / Personal Care,2.0,46.0,23.0,2,2,1.0,23.0,0
TL CWIPES PAPAYA 20S,Toiletries / Personal Care,3.0,69.0,23.0,3,3,1.0,23.0,0
TL UNSCENTED BW 20S,Toiletries / Personal Care,1.0,22.0,22.0,1,1,1.0,22.0,0
TOMI S. Corn 110g,Snacks,33.0,1188.0,36.0,19,19,1.736842105263158,62.526315789473685,1
TOMI SUPER SWEET CORN 25G,Snacks,1.0,10.0,10.0,1,1,1.0,10.0,0
TOMT SUPER SWEET CORN 25G,Snacks,6.0,60.0,10.0,5,5,1.2,12.0,0
TOPPO (LIGHT),JPN FINDS,10.0,850.0,85.0,4,4,2.5,212.5,0
TORTILLOS CHEESE FLAVOR 2,Snacks,4.0,48.0,12.0,3,3,1.3333333333333333,16.0,0
Taro Crispystick,Ice Cream,27.0,540.0,20.0,16,16,1.6875,33.75,1
Tastyboy Breadmix 65g,Grocery Staples,20.0,300.0,15.0,5,5,4.0,60.0,0
Tempura Shrimp 35g,Snacks,5.0,60.0,12.0,4,4,1.25,15.0,0
Thai Sala Milk,Soda Pop,8.0,480.0,60.0,6,6,1.3333333333333333,80.0,0
Tosilog,Breakfast,6.0,510.0,85.0,5,5,1.2,102.0,0
Tostillas Cheese 32g,Snacks,5.0,115.0,23.0,4,4,1.25,28.75,0
Tostillas Cheese 72g,Snacks,7.0,357.0,51.0,6,6,1.1666666666666667,59.5,0
Turon Cheese,Others,1.0,20.0,20.0,1,1,1.0,20.0,0
Turon Langka,Others,6.0,120.0,20.0,1,1,6.0,120.0,0
UCC  SpnshLtt25gx10,Grocery Staples,1.0,243.0,243.0,1,1,1.0,243.0,0
UFC BANANA CTSP BOT 320G,Grocery Staples,7.0,231.0,33.0,7,7,1.0,33.0,0
UFC GLDN FSTA OIL CNOLA PET6/2/1L-P,Grocery Staples,6.0,1902.0,317.0,6,6,1.0,317.0,0
UFC GOLDEN FIESTA 485ML,Grocery Staples,2.0,172.0,86.0,2,2,1.0,86.0,0
UFC SWEET CHILI SCE 340G,Grocery Staples,1.0,50.0,50.0,1,1,1.0,50.0,0
Ube Loaf,Bread,4.0,348.0,87.0,4,4,1.0,87.0,0
Upgrade to Omelette (Silog Only),Others,2.0,40.0,20.0,2,2,1.0,20.0,0
V CUT POTATOCHIPSBBQ 25G,Snacks,9.0,225.0,25.0,8,8,1.125,28.125,0
VANILLA COKE ZERO,Drinks,22.0,1012.0,46.0,18,18,1.2222222222222223,56.22222222222222,1
VCUT Cheese 60g,Snacks,4.0,224.0,56.0,4,4,1.0,56.0,0
VITAMILK CHOCOSHAKE 300ML,Drinks,6.0,258.0,43.0,6,6,1.0,43.0,0
VITAMILK ENERGY 300ML,Drinks,11.0,473.0,43.0,11,11,1.0,43.0,0
Vitamilk Dble Choco Tetra 250ml,Drinks,10.0,380.0,38.0,5,5,2.0,76.0,0
Vitamilk Reg 300ml ,Drinks,9.0,405.0,45.0,7,7,1.2857142857142858,57.857142857142854,0
WAFELLO CHOCO WAFER 48G,Snacks,4.0,72.0,18.0,3,3,1.3333333333333333,24.0,0
WHITE CREAM ,JPN FINDS,4.0,2396.0,599.0,3,3,1.3333333333333333,798.6666666666666,0
WHOLE CORN KERNELS 185G,Grocery Staples,3.0,117.0,39.0,1,1,3.0,117.0,0
WK ELBOW MACARONI 200G,Grocery Staples,2.0,74.0,37.0,1,1,2.0,74.0,0
WK FIESTA SPAG 400G,Grocery Staples,2.0,114.0,57.0,2,2,1.0,57.0,0
WOW ULAM ADOBO 155G,Grocery Staples,1.0,28.0,28.0,1,1,1.0,28.0,0
WOW ULAM AFRITADA 155G,Grocery Staples,2.0,48.0,28.0,2,2,1.0,24.0,0
WOW ULAM MENUDO 155G,Grocery Staples,2.0,56.0,28.0,1,1,2.0,56.0,0
Wings 12 pcs chops only,Wings,9.0,4050.0,450.0,9,9,1.0,450.0,0
Wings 2 pcs chops with rice,Wings,4.0,360.0,90.0,2,2,2.0,180.0,0
Wings 2 pcs chops with rice and coke ,Wings,1.0,110.0,110.0,1,1,1.0,110.0,0
Wings 2 pcs drumette + tip with rice,Wings,86.0,7140.0,84.4551282051282,48,48,1.7916666666666667,148.75,1
Wings 2pcs chops with fries,Wings,2.0,430.0,215.0,2,2,1.0,215.0,0
Wings 3 pcs chops with rice,Wings,4.0,392.0,98.0,2,2,2.0,196.0,0
Wings 3 pcs drumette + 2 tips with rice,Wings,35.0,4312.5,122.5,17,17,2.0588235294117645,253.6764705882353,0
Wings 4 pcs chops only,Wings,17.0,2348.0,142.0,10,10,1.7,234.8,0
Wings 4 pcs chops with rice,Wings,11.0,1760.0,160.0,10,10,1.1,176.0,0
XYLITOL BLUE ,JPN FINDS,1.0,295.0,295.0,1,1,1.0,295.0,0
XYLITOL GREEN,JPN FINDS,1.0,295.0,295.0,1,1,1.0,295.0,0
XYLITOL RAINBOW,JPN FINDS,2.0,590.0,295.0,2,2,1.0,295.0,0
YUM CHCOSNACK 30GX10S,Snacks,8.0,176.0,22.0,7,7,1.1428571428571428,25.142857142857142,0
Yakult,Drinks,23.0,345.0,15.0,10,10,2.3,34.5,0
ZONROX COLORSAFE 900ML ,Household Supplies,1.0,89.0,89.0,1,1,1.0,89.0,0
ZONROX REG SCENT 250ML,Household Supplies,2.0,42.0,21.0,2,2,1.0,21.0,0
Zonrox Original 1000ml,Others,1.0,60.0,60.0,1,1,1.0,60.0,0
